{
  "scene": {
    "native": false
  },
  "gizmos-infos": {
    "is2D": false,
    "is3DIcon": false,
    "iconSize": 2,
    "gridVisible": true,
    "gridColor": [
      150,
      150,
      150,
      255
    ],
    "isIconGizmo3D": false,
    "iconGizmoSize": 2,
    "isGridVisible": true
  },
  "camera": {
    "fov": 45,
    "far": 10000,
    "near": 0.01,
    "color": [
      48,
      48,
      48,
      255
    ],
    "wheelSpeed": 0.01,
    "wanderSpeed": 10,
    "enableAcceleration": true,
    "far2D": 10000,
    "near2D": 1,
    "wheelSpeed2D": 6,
    "size": "__default_design__"
  },
  "camera-infos": {
    "f46876e4-e81b-4931-b493-6d367be385e7": {
      "position": {
        "x": 53.905499999999996,
        "y": 53.905499999999996,
        "z": 53.905499999999996
      },
      "rotation": {
        "x": -0.27984814233312133,
        "y": 0.3647051996310009,
        "z": 0.11591689595929514,
        "w": 0.8804762392171493
      },
      "viewCenter": {
        "x": 0,
        "y": 0,
        "z": 0
      }
    },
    "504d44bd-b214-4ad7-8063-2e53d4c0ffa1": {
      "position": {
        "x": 49.609913195208065,
        "y": 47.59583694396571,
        "z": 52.79424986082617
      },
      "rotation": {
        "x": 0.27984814233312133,
        "y": -0.3647051996310009,
        "z": -0.11591689595929514,
        "w": -0.8804762392171493
      },
      "viewCenter": {
        "x": -0.39008680479192037,
        "y": -2.404163056034271,
        "z": 2.7942498608261985
      }
    },
    "2fc9d647-1b74-43f5-8fda-196bc421e0fe": {
      "position": {
        "x": 0.09784374957393283,
        "y": -0.6959041760386953,
        "z": -6.443416646054942
      },
      "rotation": {
        "x": 0,
        "y": -1,
        "z": 0,
        "w": 6.123233995736766e-17
      },
      "viewCenter": {
        "x": 0.09784374957393549,
        "y": -0.6959041760386961,
        "z": 0.5980604264647615
      }
    }
  },
  "camera-uuids": [
    "2fc9d647-1b74-43f5-8fda-196bc421e0fe"
  ],
  "float-window": {
    "position": {
      "cc": {
        "Camera": {
          "dock": false,
          "top": null,
          "bottom": 10,
          "left": null,
          "right": 10
        }
      }
    }
  }
}
